{
    "loss": 1.5616470575332642,
    "accuracy": 0.866764485836029
}